1,joey@example.com,Joey,Shmoey,123 Rocky Road Durham NC,test
2,sally@example.com,Sally,Smith,800 Pasta Lane Denver CO,test
3,suzie@example.com,Suzie,Jones,4 Seasons Drive Boston MA,test
4,gina@example.com,Gina,Shmoey,123 Rocky Road Durham NC,test
5,doug@example.com,Doug,Williams,20 Slippery Ave New York NY,test
6,lucas@example.com,Lucas,Lynn,120 Science Dr. Durham, NC 27710,test
7,jonathan@example.com,Jonathan,Browning,120 Science Dr. Durham, NC 27710,test
8,piper@example.com,Piper,Hampsch,120 Science Dr. Durham, NC 27710,test
9,connor@example.com,Connor,Murphy,120 Science Dr. Durham, NC 27710,test
10,leah@example.com,Leah,Okamura,120 Science Dr. Durham, NC 27710,test
